{
  "ROUGE-1": 0.43543802011276544,
  "ROUGE-2": 0.2088628390365135,
  "ROUGE-L": 0.2444979606246782
}