{
  "ROUGE-1": 0.35855741741478264,
  "ROUGE-2": 0.18736192938078497,
  "ROUGE-L": 0.25856103469095815
}