{
  "ROUGE-1": 0.3794882356936756,
  "ROUGE-2": 0.18866584905732783,
  "ROUGE-L": 0.25979774480414636
}