{
  "ROUGE-1": 0.4072124825457623,
  "ROUGE-2": 0.2043459232551495,
  "ROUGE-L": 0.2842323866188467
}